Code;Libellé;Médiane du revenu disponible par UC 2017
200000172;CC Faucigny-Glières;24680
200000438;CC du Pays de Pontchâteau Saint-Gildas-des-Bois;20850
200000545;CC des Portes de Romilly-sur-Seine;17430
200000628;CC Rhône Lez Provence;18830
200000800;CC Cœur de Sologne;20830
200000925;CC de la Plaine Dijonnaise;22700
200000933;CC Sauldre et Sologne;20010
200004802;CC du Pays de Fayence;22040
200005932;CC des Portes de Sologne;23620
200005957;CC de la Région de Rambervillers;18590
200006682;CA Beaune, Côte et Sud - Communauté Beaune-Chagny-Nolay;21970
200006716;CC du Nogentais;20250
200006930;CC du Haut-Allier;19110
200006971;CC du Perche;20100
200007052;CC de la Marche Berrichonne;18040
200007177;CC Pays de Nérondes;19060
200010650;CA du Grand Dole;20640
200010700;CA Caux Seine Agglo;20700
200011773;CA Annemasse-les Voirons-Agglomération;25320
200011781;CC Portes du Berry entre Loire et Val d'Aubois;19930
200013050;CC Sauer-Pechelbronn;22970
200015162;CC de l'Oriente;17240
200016905;CC du Pays de Lamastre;17880
200017341;CC Lodévois et Larzac;17620
200017846;CA Étampois Sud-Essonne (CCESE);21600
200018083;CC de Desvres-Samer;19400
200018166;CC Le Grésivaudan;25800
200018406;CC du Romorantinais et du Monestois;19880
200018521;CC du Val de Bouzanne;19610
200018653;CA Cap Excellence;N/A
200022986;CC du Grand Pic Saint-Loup;25460
200023075;CC du Pays de Maîche;26050
200023125;CC Les Portes Briardes entre Villes et Forêts;25120
200023240;CC Pays de Nemours;21140
200023299;CC Cœur de Tarentaise;21510
200023307;CA du Grand Villeneuvois;18840
200023372;CC de la Vallée de Chamonix-Mont-Blanc;22450
200023414;Métropole Rouen Normandie;20550
200023620;CC de la Gascogne Toulousaine;24180
200023737;CA du Grand Cahors;20630
200023778;CC du Pays de Saint-Gilles-Croix-de-Vie;21440
200023794;CC de Blaye;19720
200023919;CC Gâtinais Val de Loing;21070
200026573;CC Haut-Jura Saint-Claude;20480
200027027;CC Arc Sud Bretagne;20850
200027076;CC Arnon Boischaut Cher;20190
200027100;CC Méditerranée Porte des Maures;21780
200027183;CU Perpignan Méditerranée Métropole;18570
200027217;CC Sarlat-Périgord Noir;20050
200027308;CC d'Auberive Vingeanne et Montsaugeonnais;20690
200027548;CC des Savanes;N/A
200029734;CC des 4B Sud Charente;19330
200029999;CC Rives de l'Ain - Pays du Cerdon;21290
200030195;Métropole Nice Côte d'Azur;20920
200030385;CA de Blois Agglopolys;21060
200030435;CC d'Aire-sur-l'Adour;20400
200030526;CC du Ried de Marckolsheim;22620
200030633;CA du Caudrésis et du Catésis;17740
200030658;CC du Trièves;21280
200030674;CA Val de Garonne Agglomération;18900
200032514;CC Berry-Loire-Vauvise;19080
200033025;CA de Bar-le-Duc - Sud Meuse;20710
200033090;CC Plaines et Monts de France;25610
200033116;CC Cluses-Arve et Montagnes;22430
200033173;CC de la Haute Vallée de Chevreuse;32250
200033181;CA Chartres Métropole;22310
200033298;CC des Coëvrons;19560
200033579;CU d'Arras;20820
200033827;CC de Fium'orbu Castellu;18870
200033868;CC des Ballons des Hautes-Vosges;18970
200034023;CC Tarn-Agout;22120
200034031;CC des Monts d'Alban et du Villefranchois;18680
200034049;CC Centre Tarn;19510
200034056;CC du Lautrécois et du Pays d'Agout;20300
200034064;CC du Cordais et du Causse (4 C);17820
200034098;CC des Montagnes du Giffre;24460
200034130;CC Gally Mauldre;34380
200034197;CC de Montaigne Montravel et Gurson;18890
200034205;CC de la Costa Verde;18230
200034270;CC du Pays de Barr;23150
200034379;CC Pays d'Uzès;19940
200034411;CC du Piémont Cévenol;19130
200034601;CC Causses Aigoual Cévennes;17160
200034635;CC du Kochersberg;26570
200034692;CA du Gard Rhodanien;20350
200034700;CA Durance-Lubéron-Verdon Agglomération;20480
200034718;CC de Vitry, Champagne et Der;18990
200034726;CC Bastides de Lomagne;20770
200034825;CA du Grand Guéret;20550
200034833;CC des Bastides Dordogne-Périgord;19490
200034874;CC Côtes de Meuse Woëvre;19830
200034882;CC Pays du Mont-Blanc;23290
200034957;CC du Frontonnais;23340
200035087;CA Terre de Provence;20400
200035103;CC de la Vallée de la Haute-Sarthe;19580
200035111;CC des Sources de l'Orne;19520
200035129;CC de Cèze Cévennes;17520
200035137;CC Marche Occitane - Val d'Anglin;17960
200035202;CC Charlieu-Belmont;20340
200035319;CA Var Estérel Méditerranée (Cavem);21570
200035327;CC Cazals-Salviac;18410
200035442;CC du Sud-Artois;19510
200035459;CA d'Agen;20400
200035533;CC du Grand Saint-Émilionnais;20660
200035541;CC des Landes d'Armagnac;19690
200035632;CC Armagnac Adour;19190
200035707;CC Piège Lauragais Malepère;18930
200035715;CA Carcassonne Agglo;18670
200035723;CC Ventoux Sud;19180
200035731;CA Roannais Agglomération;20000
200035756;CC Astarac Arros en Gascogne;19760
200035764;CC de la Beauce Loirétaine;22240
200035772;CC du Pays du Saintois;21900
200035814;CA Flers Agglo;19430
200035848;CC du Châtillonnais en Berry;18640
200035855;CC Castelnaudary Lauragais Audois;19410
200035863;CC Région Lézignanaise, Corbières et Minervois;17830
200035970;CC Vexin Centre;26440
200036069;CC du Pays de Mortagne-au-Perche;19690
200036077;CC du Golfe de Saint-Tropez;21210
200036135;CC Cœur de France;19090
200036150;CC des Hauts du Val de Saône;18760
200036465;CC de Thann-Cernay;22040
200036473;CA de Saintes;20570
200036499;CC de Marana-Golo;20200
200036523;CC des Bastides en Haut-Agenais Périgord;18870
200036549;CC Val de Gray;19410
200036572;CC Porte d'Aquitaine en Pays de Serres;20310
200037059;CC de la Haute-Somme;18940
200037133;CC du Provinois;20400
200038958;CC de la Piève de l'Ornano et du Taravo;22880
200038990;CC de Saint-Méen Montauban;20480
200039022;CA Vitré Communauté;20860
200039055;CC Ouche et Montagne;23470
200039063;CC Forêts, Seine et Suzon;24740
200039204;CC de Lacq-Orthez;20680
200039519;CC du Quercy Blanc;19220
200039642;CC Le Tonnerrois en Bourgogne;19250
200039709;CC du Serein;20130
200039758;CC Avallon, Vézelay, Morvan;19620
200039808;CC des Gorges de l'Ardèche;19700
200039824;CC Ardèche des Sources et Volcans;18270
200039832;CC Pays des Vans en Cévennes;18630
200039857;CA du Pays de Grasse;22640
200039865;Metz Métropole;21110
200039907;CC du Sud Messin;23680
200039915;CA Cannes Pays de Lérins;21060
200039931;CC Alpes d'Azur;19170
200039949;CC Rives de Moselle;21500
200040038;CC Saône Doubs Bresse;20740
200040095;CC Isle Vern Salembre en Périgord;19610
200040111;CC Cœur de Chartreuse;21840
200040137;CC des Lacs de Champagne;19450
200040178;CC de l'Outre-Forêt;22960
200040202;CC Provence Verdon;20080
200040210;CC Lacs et Gorges du Verdon;19230
200040244;CA du Bocage Bressuirais;19340
200040251;CC Bassée-Montois;21870
200040277;CA du Pays de Dreux;20250
200040293;CC du Clunisois;20810
200040350;CC Bugey Sud;20950
200040384;CC Isle Double Landais;18860
200040392;CA Le Grand Périgueux;20550
200040400;CC du Périgord Ribéracois;18810
200040418;CC du Pays de Serres en Quercy;17650
200040426;CC du Val de l'Oise;20180
200040442;CA Luberon Monts de Vaucluse;19600
200040459;CA Montélimar Agglomération;20460
200040475;CC Loué - Brûlon - Noyen;20110
200040491;CC Porte de Drômardèche;19880
200040509;CC du Crestois et de Pays de Saillans Cœur de Drôme;19530
200040558;CC Écueillé-Valençay;18810
200040566;CA de l'Ouest Rhodanien;20340
200040574;CC Beaujolais Pierres Dorées;25530
200040590;CA Villefranche Beaujolais Saône;20700
200040624;CC Pays d'Apt-Luberon;19350
200040657;CC de la Matheysine;20990
200040681;CC Enclave des Papes-Pays de Grignan;19510
200040715;Grenoble-Alpes-Métropole;22100
200040764;CC du Sud Corse;19100
200040772;CC du Perche et Haut Vendômois;20380
200040798;CC Val Vanoise;23190
200040814;CC Briance Sud Haute Vienne;20270
200040830;CC du Pays de Fénelon;19730
200040889;CC de Portes Sud Périgord;19110
200040905;CC Carmausin-Ségala;18890
200040947;CC de Flandre Intérieure;21240
200040954;CC des Hauts de Flandre;21090
200041010;CC Cœur de Savoie;22740
200041051;CC Vallée de la Dordogne et Forêt Bessède;18560
200041150;CC du Terrassonnais en Périgord Noir Thenon Hautefort;18930
200041168;CC de la Vallée de l'Homme;18900
200041283;CC de la Plaine du Rhin;24900
200041317;CA du Niortais;21930
200041325;CC du Pays Rhénan;24180
200041333;CC de Parthenay-Gâtine;18970
200041366;CC Rhône Crussol;22540
200041416;CC Airvaudais-Val du Thouet;19220
200041440;CC de Domme - Villefranche du Périgord;18590
200041465;CC Val Eyrieux;19120
200041499;CC Aunis Atlantique;20650
200041507;CA La Riviera du Levant;N/A
200041515;CC du Bassin de Pont-à-Mousson;21100
200041523;CC de la Haute-Saintonge;18870
200041556;CC Portes de la Creuse en Marche;18260
200041572;CC Dronne et Belle;19770
200041614;CC Aunis Sud;20000
200041622;CC Ardennes Thiérache;18520
200041630;CA Ardenne Métropole;18810
200041689;CC des Vals de Saintonge Communauté;18790
200041721;CC de la Haute Comté;18750
200041762;CA Rochefort Océan;20210
200041788;CA du Pays Nord Martinique;16000
200041853;CC du Pays de Montbozon et du Chanois;20830
200041861;CC du Triangle Vert;20600
200041879;CC Terres de Saône;20480
200041887;CC du Val Marnaysien;21810
200041960;CC Pévèle-Carembault;24320
200041994;CC Haut Val de Sèvre;20890
200042000;CC Bruyères-Vallons des Vosges;19400
200042174;CA Lorient Agglomération;20840
200042182;CC du Mont des Avaloirs;18870
200042190;CA de la Porte du Hainaut;17720
200042372;CC des Coteaux Arrats Gimone;20950
200042414;CC Bresse Revermont 71;19820
200042463;CC de la Montagne Noire;17690
200042497;CC Dombes Saône Vallée;24780
200042604;CC de Granville, Terre et Mer;21150
200042620;CC de la Région de Suippes;20160
200042646;CC Grand Orb;18350
200042653;CC Sud-Hérault;18840
200042703;CC de l'Argonne Champenoise;19580
200042729;CC de la Baie du Cotentin;19190
200042901;CC Drôme Sud Provence;20800
200042935;CA Haut - Bugey Agglomération;19920
200042943;CC du Cap Corse;19540
200042992;CC Perthois-Bocage et Der;20820
200043016;CC Val de Charente;18370
200043065;CC du Val d'Amboise;21200
200043081;CC Chinon, Vienne et Loire;20890
200043123;CC Auray Quiberon Terre Atlantique;21460
200043156;CC du Pays Rethélois;20150
200043172;CA du Bassin de Brive;20670
200043263;CC Cœur de l'Avesnois;18740
200043321;CC du Pays de Mormal;20750
200043354;CC de Villedieu Intercom;19210
200043396;CA Maubeuge Val de Sambre;16860
200043404;CC du Sud Avesnois;16450
200043438;CC de la Moivre à la Coole;23550
200043495;CA du Pays de Laon;18870
200043602;CC des Albères, de la Côte Vermeille et de l'Illibéris;19720
200043628;CC des Vallées du Clain;21780
200043693;CC Terre Lorraine du Longuyonnais;21350
200043776;CC Pyrénées Audoises;16990
200043974;CC du Sud Gironde;20010
200043982;CC du Bazadais;19360
200043990;CC Vallons de Haute-Bretagne Communauté;21190
200044014;CC Creuse Grand Sud;18090
200044030;CC des Sept Vallées;18520
200044048;CC Osartis Marquion;21100
200044253;CC du Bassin de Joinville en Champagne;18320
200044394;CC du Réolais en Sud Gironde;18620
200044469;CC du Pays de Mirepoix;18790
200044618;CA du Douaisis Agglo;18660
200044691;CA du Nord Grande Terre;N/A
200046977;Métropole de Lyon;21930
200048551;CC du Pays de Craon;19260
200049187;CA du Grand Verdun;19620
200049211;CC Conflent-Canigó;18130
200049484;CC Berry Grand Sud;18350
200050532;CC de Petite-Terre;N/A
200054781;Métropole du Grand Paris;22880
200054807;Métropole d'Aix-Marseille-Provence;20910
200055481;CC Beauce Val de Loire;20860
200055655;CA Roissy Pays de France;18660
200055887;CC Mayenne Communauté;20660
200056232;CA Communauté Paris-Saclay;25920
200056380;CA Plaine Vallée;24220
200057859;CA Cœur d'Essonne Agglomération;23380
200057958;CA Paris - Vallée de la Marne;22080
200058360;CC Entre Beauce et Perche;21710
200058477;CA Val d'Yerres Val de Seine;23030
200058485;CA Val Parisis;23950
200058519;CA Saint-Germain Boucles de Seine;28390
200058782;CA de Saint-Quentin-en-Yvelines;24150
200059228;CA Grand Paris Sud Seine Essonne Sénart;20220
200059392;CC Bièvre Isère;21270
200059400;CC Porte Océane du Limousin;20390
200059871;CC du Centre-Ouest;N/A
200059889;CU Grand Paris Seine et Oise;22270
200060010;CA Mauges Communauté;20150
200060457;CA Dembeni-Mamoudzou;N/A
200060465;CC du Nord de Mayotte;N/A
200060473;CC du Sud;N/A
200065563;CC Normandie-Cabourg-Pays d'Auge;21600
200065589;CC Val ès Dunes;21100
200065597;CU Caen la Mer;21220
200065647;CA Pays de Montbéliard Agglomération;20220
200065787;CC de Pont-Audemer / Val de Risle;20230
200065886;CA Loire Forez Agglomération;21230
200065894;CC de Forez-Est;21190
200065928;CA Lannion-Trégor Communauté;21090
200066009;CA Mulhouse Alsace Agglomération;20520
200066017;CC Lieuvin Pays d'Auge;20090
200066025;CC Pays Rhin - Brisach;23630
200066033;CC Sud Alsace Largue;23920
200066041;CC Sundgau;26910
200066058;CA Saint-Louis Agglomération;29410
200066108;CC des Portes de Meuse;20250
200066116;CC Argonne-Meuse;19620
200066124;CA Gaillac-Graulhet;19730
200066132;CC du Pays de Stenay et du Val Dunois;18990
200066140;CC de l'Aire à l'Argonne;20340
200066157;CC de Commercy - Void - Vaucouleurs;19270
200066165;CC Val de Meuse - Voie Sacrée;20230
200066173;CC de Damvillers Spincourt;19450
200066223;CC Arize Lèze;18430
200066231;CC des Portes d'Ariège Pyrénées;19230
200066280;CC du Pithiverais;20430
200066322;CC Terres des Confluences;18380
200066330;CC Terres du Haut Berry;21590
200066348;CC du Minervois au Caroux;17280
200066355;CA Sète Agglopôle Méditerranée;19520
200066363;CC de la Haute Ariège;19830
200066371;CC Causses et Vallée de la Dordogne;20050
200066389;CA Saint-Lô Agglo;20390
200066405;CC Roumois Seine;23100
200066413;CC Intercom Bernay Terres de Normandie;20430
200066462;CC Interco Normandie Sud Eure;19880
200066512;CC Élan Limousin Avenir Nature;20630
200066520;CC Ouest Limousin;18910
200066553;CC des Monts de Lacaune et de la Montagne du Haut Languedoc;18780
200066561;CC Sidobre Vals et Plateaux;19470
200066587;CC des Monts du Lyonnais;21200
200066603;CC du Pays de Lubersac-Pompadour;19590
200066637;CC Hautes Terres Communauté;19020
200066645;CC Vézère-Monédières-Millesources;19310
200066652;CC Grand Sud Tarn et Garonne;20840
200066660;CC Saint-Flour Communauté;19370
200066678;CC de la Châtaigneraie Cantalienne;19540
200066710;CC Cingal-Suisse Normande;20960
200066728;CC Vallées de l'Orne et de l'Odon;23220
200066744;CC Haute-Corrèze Communauté;19700
200066751;CC Xaintrie Val'Dordogne;19320
200066769;CC Midi Corrézien;20280
200066777;CC Ploërmel Communauté;19930
200066785;CC de l'Oust à Brocéliande;20170
200066793;CA du Grand Annecy;25620
200066801;CC Isigny-Omaha Intercom;19740
200066819;CC du Volvestre;20980
200066827;CC du Pays de Honfleur-Beuzeville;20970
200066835;CC de Sézanne-Sud Ouest Marnais;20950
200066850;CC des Paysages de la Champagne;22610
200066868;CC Presqu'île de Crozon-Aulne maritime;20640
200066876;CA de Châlons-en-Champagne;20470
200066884;CC Quercy Vert-Aveyron;19980
200066892;CC de Vendeuvre-Soulaines;19940
200066918;CA Alès Agglomération;18280
200066926;CA Grand Auch Cœur de Gascogne;20850
200066975;CC Senlis Sud Oise;26550
200067023;CC Coutances Mer et Bocage;19960
200067031;CC Côte Ouest Centre Manche;19040
200067049;CC Spelunca-Liamone;20410
200067064;CC Decazeville Communauté;18800
200067072;CC Haut-Léon Communauté;20260
200067080;CC Chablis, Villages et Terroirs;21340
200067106;CA du Pays Basque;21220
200067114;CA de l'Auxerrois;20860
200067122;CC Coteaux et Plaines du Pays Lafrançaisain;19660
200067130;CC de Puisaye-Forterre;19800
200067155;CC Saint Affricain, Roquefort, Sept Vallons;19720
200067163;CC Monts, Rance et Rougier;18290
200067171;CC Aubrac, Carladez et Viadène;19000
200067189;CC Creuse Sud Ouest;18010
200067197;CC Monts d'Arrée Communauté;18350
200067205;CA du Cotentin;20850
200067213;CU du Grand Reims;21120
200067221;CC Centre Morbihan Communauté;20060
200067239;CC des Luys en Béarn;22100
200067247;CC Pleyben-Châteaulin-Porzay;20180
200067254;CA Pau Béarn Pyrénées;21450
200067262;CC du Haut-Béarn;20660
200067288;CC du Béarn des Gaves;19690
200067296;CC du Nord Est Béarn;22330
200067304;CC Serein et Armance;19970
200067320;CC Serre-Ponçon Val d'Avance;20200
200067346;CA Pornic Agglo Pays de Retz;21860
200067361;CC Grand-Figeac;20490
200067379;CC Côtes de Champagne et Val de Saulx;20000
200067429;CC Haut Nivernais-Val d'Yonne;19030
200067437;CA Provence-Alpes-Agglomération;19950
200067445;CC Buëch-Dévoluy;19690
200067452;CC du Guillestrois et du Queyras;20040
200067460;CC Loudéac Communauté - Bretagne Centre;19700
200067478;CC Comtal Lot et Truyère;20710
200067486;CC Bouzonvillois-Trois Frontières;22380
200067502;CA Saint-Avold Synergie;19840
200067544;CC Creuse Confluence;18350
200067551;CA Thonon Agglomération;26950
200067593;CC Marche et Combraille en Aquitaine;17360
200067627;CC Billom Communauté;22030
200067635;CA Clisson Sèvre et Maine Agglo;22280
200067643;CC Meurthe, Mortagne, Moselle;21050
200067650;CC Houve-Pays Boulageois;21600
200067668;CC de la Cléry, du Betz et de l'Ouanne;20640
200067676;CC Canaux et Forêts en Gâtinais;20420
200067684;CA Épernay, Coteaux et Plaine de Champagne;21700
200067692;CC Tannay-Brinon-Corbigny;19200
200067700;CC Sud Nivernais;19580
200067742;CC Serre-Ponçon;20570
200067759;CC Vallées et Plateau d'Ardenne;19280
200067767;CC du Royans-Vercors;19870
200067783;CC de Hanau-La Petite Pierre;21800
200067791;CA Pays Foix-Varilhes;20620
200067817;CC Saône-Beaujolais;21490
200067825;CA Gap-Tallard-Durance;20940
200067841;CC de l'Alsace Bossue;20670
200067866;CC Sèvre et Loire;22000
200067874;CA de Haguenau;22430
200067882;CC Bazois Loire Morvan;18500
200067890;CC Morvan Sommets et Grands Lacs;18970
200067908;CC Amognes Cœur du Nivernais;20180
200067916;CC Cœur de Loire;20040
200067924;CC du Canton d'Erstein;23260
200067932;CA Golfe du Morbihan - Vannes Agglomération;22380
200067940;CC Couserans-Pyrénées;18650
200067957;CC Haut Chemin-Pays de Pange;24730
200067965;CA de la Région de Compiègne et de la Basse Automne;21530
200067973;CC Thelloise;23260
200067981;CA Guingamp-Paimpol Agglomération de l'Armor à l'Argoat;19700
200067999;CA du Beauvaisis;20180
200068005;CC de l'Oise Picarde;20120
200068047;CA Creil Sud Oise;16480
200068070;CC Loue-Lison;21640
200068088;CC Les Bertranges;20470
200068096;CC Champsaur-Valgaudemar;20040
200068104;CA de la Provence Verte;21160
200068112;CC du Pays de Saverne;22230
200068120;CA Quimper Bretagne Occidentale;20960
200068146;CC Sarrebourg Moselle Sud;20520
200068229;CC des Baronnies en Drôme Provençale;18720
200068278;CC Berry Loire Puisaye;20250
200068294;CC des Deux Vallées Vertes;20320
200068369;CC de Mirecourt Dompaire;20290
200068377;CC de la Porte des Vosges Méridionales;19680
200068435;CC Cœur du Perche;20160
200068443;CC Andaine - Passais;19320
200068450;CC Argentan Intercom;19580
200068468;CC des Pays de L'Aigle;19240
200068484;CC des Causses à l'Aubrac;19580
200068500;CA de Cambrai;19360
200068534;CC Terroir de Caux;20740
200068542;CC Les Balcons du Dauphiné;22550
200068559;CC de l'Ouest Vosgien;19170
200068567;CC Les Vals du Dauphiné;21400
200068625;CC Alpes-Provence-Verdon - Sources de Lumière;18990
200068641;CA Le Muretain Agglo;22680
200068658;CA de Chaumont;20650
200068666;CA de Saint-Dizier Der et Blaise;18830
200068674;CA Grand Lac;23710
200068682;CC Terre d'Eau;20990
200068757;CA d'Épinal;20060
200068765;CC du Sisteronais-Buëch;19230
200068773;CC des Vosges côté Sud Ouest;19120
200068781;CA Valence Romans Agglo;20580
200068799;CC Intercom de la Vire au Noireau;19330
200068807;CC Bassin Auterivain Haut-Garonnais;21820
200068815;CC Cœur de Garonne;20950
200068831;CC Pays Ségali Communauté;20450
200068856;CC des Hauts du Perche;19120
200068864;CC de la Mossig et du Vignoble;23630
200068872;CC Éguzon - Argenton - Vallée de la Creuse;19360
200068880;CC Champagne Boischauts;20140
200068914;CC La Rochefoucauld - Porte du Périgord;19740
200068922;CC du Confluent et des Coteaux de Prayssas;18970
200068930;CC Fumel Vallée du Lot;18370
200068948;CC Albret Communauté;19310
200068955;CC Anjou Loir et Sarthe;20350
200068963;CC Maine Cœur de Sarthe;21940
200068989;CA Dinan Agglomération;20740
200068997;CA Arlysère;21680
200069003;CC du Barséquanais en Champagne;21020
200069029;CA des Deux Baies en Montreuillois;19890
200069037;CA du Pays de Saint-Omer;18830
200069052;CA Grand Belfort;20890
200069060;CC des Vosges du Sud;22150
200069086;CC Leff Armor Communauté;20310
200069094;CC Isle et Crempse-en-Périgord;19100
200069102;CC Randon - Margeride;19610
200069110;CA du Grand Chambéry;22460
200069128;CC Mont Lozère;19010
200069136;CC des Cévennes au Mont Lozère;16590
200069144;CC des Hautes Terres de l'Aubrac;18410
200069151;CC Gorges Causses Cévennes;18750
200069169;CC Dômes Sancy Artense;20220
200069177;CC Mond'Arverne Communauté;24090
200069185;CC des Terres d'Apcher-Margeride-Aubrac;19990
200069193;CC de la Dombes;22920
200069227;CC Pays Fort Sancerrois Val de Loire;20930
200069235;CC du Haut Pays du Montreuillois;18010
200069250;CA Troyes Champagne Métropole;19740
200069268;CC Aubrac Lot Causses Tarn;20320
200069300;CA Tarbes-Lourdes-Pyrénées;19820
200069383;CC Ouest Aveyron Communauté;19610
200069391;CA de Lamballe Terre et Mer;20980
200069409;CA Saint-Brieuc Armor Agglomération;21000
200069417;CC Pays d'Orthe et Arrigans;20300
200069425;CA Mont-Saint-Michel-Normandie;19770
200069433;CC de Vezouze en Piémont;18760
200069441;CC du Pays de Bitche;21160
200069458;CC des Vallées d'Auge et du Merlerault;18680
200069482;CC des Campagnes de l'Artois;20870
200069516;CC Seulles Terre et Mer;22330
200069524;CC Pré-Bocage Intercom;20480
200069532;CA Lisieux Normandie;19360
200069540;CC Norge et Tille;26720
200069565;CC des Lacs et Montagnes du Haut-Doubs;31330
200069581;CC Convergence Garonne;20670
200069599;CC Rurales de l'Entre-deux-Mers;19530
200069615;CC Bresse Haute Seille;21260
200069623;CC Champagnole Nozeroy Jura;21150
200069631;CC Terres de Chalosse;20210
200069649;CC Chalosse Tursan;20260
200069656;CC Cœur Haute Lande;19470
200069664;CC Meuse Rognon;19460
200069672;CC du Ternois;18300
200069698;CC Mâconnais - Tournugeois;21110
200069722;CC Interrégionale Aumale - Blangy-sur-Bresle;19270
200069730;CC des Quatre Rivières;19780
200069748;CC Val de Gâtine;19820
200069755;CC Mellois-en-Poitou;19590
200069763;CC du Haut-Poitou;20880
200069821;CA Fécamp Caux Littoral Agglomération;19930
200069839;CC de la Côte d'Albâtre;20530
200069847;CC Plateau de Caux-Doudeville-Yerville;21020
200069854;CU du Grand Poitiers;21020
200069912;CC des Forêts du Perche;19970
200069953;CC des Portes Euréliennes d'Île-de-France;23640
200069961;CC du Grand Châteaudun;19840
200069995;CC Médoc Cœur de Presqu'île;19380
200070035;CC du Civraisien en Poitou;18850
200070043;CC Vienne et Gartempe;19150
200070068;CC Communauté Bray-Eawy;19900
200070092;CA du Libournais;19890
200070100;CC du Val de Sully;21210
200070118;CC Val de Saône Centre;22930
200070126;CC Seine et Aube;20530
200070142;CC Lyons Andelle;20920
200070159;CC Cœur de Beauce;21130
200070167;CC Terres de Perche;19870
200070183;CC des Terres du Val de Loire;22220
200070233;CC Terres-de-Montaigu, communauté de communes Montaigu-Rocheservière;21230
200070282;CC Lavalette Tude Dronne;18670
200070290;CC Coeur du Pays Haut;20140
200070308;CA Mâconnais Beaujolais Agglomération;20970
200070316;CC Entre Arroux, Loire et Somme;19730
200070324;CC du Territoire de Lunéville à Baccarat;19620
200070332;CC des Savoir-Faire;19560
200070340;CC Haute-Maurienne Vanoise;21710
200070365;CC Corbières Salanque Méditerranée;18480
200070373;CC Loir-Lucé-Bercé;19380
200070407;CA Pays d'Issoire;20520
200070431;CC Saint-Marcellin Vercors Isère Communauté;21290
200070449;CC Inter-Caux-Vexin;23730
200070464;CC Cœur de Maurienne Arvan;21850
200070506;CC Pays de Nexon Monts de Chalus;20130
200070514;CA du Grand Cognac;21300
200070530;CC du Grand Autunois Morvan;19540
200070548;CC La Clayette Chauffailles en Brionnais;19820
200070555;CC de la Veyle;21890
200070563;CC Terres Touloises;21050
200070571;CC Cœur de Berry;21710
200070589;CC de Seille et Grand Couronné;23380
200070647;CA Bergeracoise;19480
200070662;CC Bretagne porte de Loire Communauté;20440
200070670;CC du Pays de Dol et de la Baie du Mont-Saint-Michel;19500
200070688;CC Couesnon Marches de Bretagne;19540
200070712;CC Thiers Dore et Montagne;18900
200070720;CC Médoc Atlantique;20580
200070738;CC Mad et Moselle;22520
200070746;CA Sarreguemines Confluences;20950
200070753;CA Riom Limagne et Volcans;23240
200070761;CC Ambert Livradois Forez;19310
200070779;CC Brie des Rivières et Châteaux;25240
200070787;CC du Plateau de Lannemezan;20180
200070795;CC du Pays de Trie et du Magnoac;18970
200070803;CC des Coteaux du Val-d'Arros;21120
200070811;CC Pyrénées Vallées des Gaves;20400
200070829;CC Neste Barousse;19880
200070845;CC Orne Lorraine Confluences;20010
200070852;CC Usses et Rhône;27080
200070894;CC de Gevrey-Chambertin et de Nuits-Saint-Georges;23600
200070902;CC Auxonne Pontailler Val de Saône;20460
200070910;CC Tille et Venelle;21520
200070928;CC Terre de Picardie;18950
200070936;CC Ponthieu-Marquenterre;19400
200070944;CC du Vimeu;19160
200070951;CC du Territoire Nord Picardie;20230
200070969;CC Avre Luce Noye;21510
200070977;CC du Grand Roye;19290
200070985;CC de l'Est de la Somme;18640
200070993;CA de la Baie de Somme;18930
200071017;CC des Terres d'Auxois;20370
200071025;CC Haute-Provence-Pays de Banon;20040
200071033;CC Jabron-Lure-Vançon-Durance;20410
200071041;CC du Chaourçois et du Val d'Armance;19540
200071058;CC Les Avant-Monts;19480
200071066;CA de Saint-Dié-des-Vosges;19060
200071074;CC Les Portes de l'Ile de France;23290
200071082;CA Montluçon Communauté;19700
200071116;CA ECLA  (Espace Communautaire Lons Agglomération);20990
200071140;CA Moulins Communauté;20310
200071157;CC des Hautes-Vosges;20080
200071165;CA Les Sables d'Olonne Agglomération;22160
200071173;CC du Pays Arnay Liernais;19530
200071181;CC Somme Sud-Ouest;20360
200071199;CC Plaine Limagne;20810
200071207;CC de Pouilly-en-Auxois/Bligny-sur-Ouche;21030
200071215;CC Chavanon Combrailles et Volcans;19130
200071223;CC Nièvre et Somme;19990
200071298;CC des Terres du Lauragais;23090
200071314;CC des Hauts Tolosans;23150
200071363;CA Vichy Communauté;19990
200071371;CC Bresse et Saône;21620
200071389;CC Saint-Pourçain Sioule Limagne;19760
200071405;CC Ardèche Rhône Coiron;20210
200071413;CA Privas Centre Ardèche;20130
200071454;CA Evreux Portes de Normandie;20740
200071470;CC Entr'Allier Besbre et Loire;18800
200071496;CC du Bocage Bourbonnais;19150
200071504;CC des Collines du Perche Normand;20090
200071512;CC Commentry Montmarault Néris Communauté;19610
200071520;CC Domfront Tinchebray Interco;19260
200071538;CC Terres de Bresse;20670
200071546;CC Sud Retz Atlantique;20020
200071553;CC Loire Layon Aubance;21560
200071579;CC Bresse Louhannaise Intercom';19800
200071587;CC Loches Sud Touraine;19790
200071595;CC Arbois, Poligny, Salins, Cœur du Jura;20590
200071629;CC Challans-Gois Communauté;20230
200071645;CC Saint Cyr Mère Boitier entre Charolais et Mâconnais;20480
200071652;CC du Pays Fertois et du Bocage Carrougien;19630
200071678;CA du Choletais;20420
200071751;CA du Bassin de Bourg-en-Bresse;21460
200071769;CC Picardie des Châteaux;19630
200071777;CC d'Arcis, Mailly, Ramerupt;20280
200071785;CA Chauny-Tergnier-La Fère;18530
200071819;CC du Périgord Nontronnais;18700
200071827;CA du Grand Angoulême;20560
200071843;CC du Vexin Normand;20680
200071850;CC du Pithiverais-Gâtinais;20910
200071868;CC des Vallées du Haut-Anjou;20030
200071876;CA Saumur Val de Loire;19450
200071884;CC Le Grand Charolais;19520
200071892;CA du Saint-Quentinois;18320
200071900;CC Vendée Grand Littoral;20910
200071918;CC du Pays de Saint-Fulgent - Les Essarts;20730
200071926;CC du Limouxin;18470
200071934;CC Pays de Fontenay-Vendée;19600
200071942;CC Haut Limousin en Marche;18210
200071967;CC Pays d'Évian Vallée d'Abondance;26990
200071983;CC Thiérache Sambre et Oise;17510
200071991;CC Retz-en-Valois;20510
200072007;CC de la Montagne d'Ardèche;17440
200072015;CA Annonay Rhône Agglo;20770
200072023;CC Cœur de Charente;19320
200072031;CA de la Région de Château-Thierry;20070
200072049;CC de Charente Limousine;18420
200072056;CC Porte du Jura;20390
200072064;CC Val-de-Cher-Controis;20160
200072072;CA Territoires Vendômois;20700
200072080;CC du Pays de Saint-Éloy;18550
200072098;CC Combrailles Sioule et Morge;21440
200072106;CC Adour Madiran;19480
200072130;CA du Pays de Meaux;21420
200072304;CC Vallée de l'Ubaye - Serre-Ponçon;19600
200072312;CA Seine Normandie Agglomération;21850
200072320;CC Val de Gers;19950
200072346;CA du Pays de Fontainebleau;26580
200072452;CA Fougères Agglomération;19880
200072460;CA de Béthune-Bruay, Artois-Lys Romane;18490
200072478;CC Pays d'Opale;19000
200072544;CC des Deux Morin;21490
200072635;CC Pyrénées Haut Garonnaises;19940
200072643;CC Cœur et Coteaux du Comminges;19310
200072650;CC Touraine Vallée de l'Indre;22360
200072668;CC Touraine Val de Vienne;19290
200072676;CC Maine Saosnois;19540
200072684;CC Le Gesnois Bilurien;20790
200072692;CC des Vallées de la Braye et de l'Anille;20160
200072700;CC Haute Sarthe Alpes Mancelles;19780
200072718;CC de la Champagne Conlinoise et du Pays de Sillé;20220
200072726;CC Châteaubriant-Derval;19130
200072734;CC Estuaire et Sillon;22620
200072825;CC Mirebellois et Fontenois;22510
200072874;CC Val Briard;24850
200072882;CC de Vie et Boulogne;20750
200072981;CC Touraine Ouest Val de Loire;20180
200072999;CC du Grand Langres;20450
200073013;CC Carnelle Pays-De-France;26380
200073096;CA Arche Agglo;21090
200073104;CC de l'Île-Rousse - Balagne;18900
200073112;CC Sud Sarthe;19460
200073120;CC Nebbiu - Conca d'Oro;19610
200073138;CC Pasquale Paoli;18730
200073146;CC Cagire Garonne Salat;19960
200073161;CC Touraine-Est Vallées;22850
200073237;CC de Gâtine et Choisilles - Pays de Racan;21880
200073245;CC du Bassin d'Aubenas;19540
200073252;CC de la Castagniccia-Casinca;17850
200073260;CC Sud Vendée Littoral;19880
200073344;CA Rambouillet Territoires;27480
200073393;CC des Rives du Haut-Allier;18360
200073401;CC Mézenc-Loire-Meygal;19810
200073419;CA du Puy-en-Velay;20110
200073427;CC Marches du Velay-Rochebaron;21200
200077014;CA Vienne Condrieu;22450
200083392;CA de Laval Agglomération;21150
200084952;CU du Havre Seine Métropole;20570
200085728;CC de Brioude Sud Auvergne;19640
200085751;CC d'Entre Bièvre et Rhône;21190
200089456;CA Seine-Eure;21150
200090504;CA Coulommiers Pays de Brie;22860
200090561;CC Vierzon-Sologne-Berry et Villages de la Forêt;18800
200090579;CC Jura Sud, Pays des Lacs, Petite Montagne et Région d'Orgelet;20660
200090751;CA Grand Calais Terres et Mers;17700
240100610;CC de la Côtière à Montluel;23220
240100750;CA du Pays de Gex;34520
240100800;CC de Miribel et du Plateau;25310
240100883;CC de la Plaine de l'Ain;22260
240100891;CC du Pays Bellegardien (CCPB);22550
240200444;CC de la Thiérache du Centre;18340
240200469;CC du Pays de la Serre;19040
240200477;CA GrandSoissons Agglomération;18760
240200493;CC du Pays du Vermandois;18930
240200501;CC du Val de l'Aisne;20330
240200519;CC du Canton d'Oulchy-le-Château;20100
240200576;CC de la Champagne Picarde;20160
240200584;CC du Canton de Charly-sur-Marne;21060
240200592;CC du Chemin des Dames;20150
240200600;CC des Trois Rivières;16850
240200634;CC des Portes de la Thiérache;17130
240300491;CC du Pays de Lapalisse;18720
240300558;CC du Pays de Tronçais;18650
240300566;CC du Val de Cher;20250
240300657;CC du Pays d'Huriel;19640
240400440;CC Pays Forcalquier et Montagne de Lure;19110
240500439;CC du Briançonnais;20330
240500462;CC du Pays des Ecrins;19860
240600551;CA de la Riviera Française;21670
240600585;CA de Sophia Antipolis;23550
240600593;CC du Pays des Paillons;22150
240700302;CC du Pays Beaume-Drobie;18860
240700617;CC Val de Ligne;18720
240700716;CC du Val d'Ay;20360
240700815;CC Berg et Coiron;20030
240700864;CC du Rhône aux Gorges de l'Ardèche;19970
240800821;CC Ardenne, Rives de Meuse;18310
240800847;CC des Portes du Luxembourg;18820
240800862;CC des Crêtes Préardennaises;19890
240800920;CC de l'Argonne Ardennaise;18810
240900431;CC du Pays de Tarascon;18840
240900464;CC du Pays d'Olmes;17890
241000223;CC Forêts, Lacs, Terres en Champagne;21220
241000405;CC de la Région de Bar-sur-Aube;19550
241000447;CC du Pays d'Othe;19880
241000488;CC de l'Orvin et de l'Ardusson;21000
241100593;CA Le Grand Narbonne;18710
241200187;CA Rodez Agglomération;21630
241200542;CC du Réquistanais;18790
241200567;CC de Millau Grands Causses;19550
241200625;CC du Pays Rignacois;20330
241200641;CC Conques-Marcillac;21380
241200658;CC du Pays de Salars;21230
241200674;CC du Plateau de Montbazens;19950
241200765;CC de Lévézou Pareloup;19090
241200807;CC Aveyron Bas Ségala Viaur;18570
241200906;CC Larzac et Vallées;18640
241200914;CC de la Muse et des Raspes du Tarn;18880
241300375;CC Vallée des Baux-Alpilles (CC VBA);22070
241300417;CA d'Arles-Crau-Camargue-Montagnette;18670
241400415;CC Cœur Côte Fleurie;21090
241400514;CC du Pays de Falaise;19840
241400555;CC de Bayeux Intercom;21190
241400860;CC Cœur de Nacre;23480
241400878;CC Terre d'Auge;21370
241500230;CA du Bassin d'Aurillac;21040
241500255;CC du Pays Gentiane;18500
241500271;CC du Pays de Mauriac;19330
241501055;CC Sumène - Artense;19020
241501089;CC Cère et Goul en Carladès;19750
241501139;CC du Pays de Salers;18750
241600303;CC du Rouillacais;19910
241700434;CA de la Rochelle;22100
241700459;CC de l'Île de Ré;24160
241700517;CC Cœur de Saintonge;19820
241700624;CC de l'Île d'Oléron;20890
241700632;CC de Gémozac et de la Saintonge Viticole;19340
241700640;CA Royan Atlantique;21170
241700699;CC du Bassin de Marennes;19470
241800374;CC La Septaine;20360
241800424;CC Le Dunois;20130
241800432;CC Les Trois Provinces;17780
241800457;CC Fercher Pays Florentais;20260
241800507;CA Bourges Plus;21090
241900133;CC de Ventadour - Egletons - Monédières;19540
241927201;CA Tulle Agglo;21120
241927243;CC du Pays d'Uzerche;20220
242000354;CA de Bastia;19780
242000495;CC de l'Alta Rocca;19320
242000503;CC Celavu-Prunelli;22530
242010056;CA du Pays Ajaccien;21390
242010130;CC du Sartenais Valinco Taravo;19480
242020071;CC du Centre Corse;19680
242020105;CC de Calvi Balagne;18980
242100154;CC des Vallées de la Tille et de l'Ignon;22510
242100410;Dijon Métropole;21500
242101434;CC du Pays Châtillonnais;19230
242101442;CC de Saulieu;19250
242101459;CC du Pays d'Alésia et de la Seine;20120
242101491;CC du Montbardois;19970
242101509;CC Rives de Saône;20110
242200715;CC du Kreiz-Breizh (CCKB);18780
242300135;CC du Pays Sostranien;18950
242320000;CC de Bénévent Grand Bourg;18730
242320109;CC du Pays Dunois;18610
242400752;CC Périgord-Limousin;18940
242400935;CC du Pays de Saint-Aulaye;18270
242401024;CC Isle-Loue-Auvézère en Périgord;19230
242500320;CC de Montbenoît;25430
242500338;CC du Grand Pontarlier;24590
242500361;CU du Grand Besançon Métropole;21250
242504116;CC du Val de Morteau;30060
242504181;CC des Portes du Haut-Doubs;22600
242504355;CC du Plateau de Russey;28590
242504371;CC du Pays de Sancey-Belleherbe;20660
242504447;CC du Doubs Baumois;20860
242504488;CC Altitude 800;22500
242504496;CC du Plateau de Frasne et du Val de Drugeon (CFD);25210
242600252;CC du Val de Drôme en Biovallée;20820
242600492;CC Dieulefit-Bourdeaux;19760
242600534;CC du Diois;18650
242700276;CC du Pays de Conches;21060
242700607;CC du Pays du Neubourg;22240
242852465;CC du Bonnevalais;21050
242900074;CC du Pays d'Iroise;22570
242900314;Brest Métropole;21020
242900553;CC du Pays des Abers;21650
242900561;CC de Haute-Cornouaille;18960
242900629;CC Cap Sizun - Pointe du Raz;20060
242900645;CC Douarnenez Communauté;20240
242900660;CC du Pays Fouesnantais;23600
242900694;CA Quimperlé Communauté;20860
242900702;CC du Pays Bigouden Sud;21700
242900710;CC du Haut Pays Bigouden;20560
242900744;CC Poher communauté;19930
242900751;CC du Pays de Landivisiau;19960
242900769;CA Concarneau Cornouaille Agglomération;21110
242900793;CC Communauté Lesneven Côte des Légendes;20740
242900801;CC du Pays de Landerneau-Daoulas;22220
242900835;CA Morlaix Communauté;20590
243000270;CC du Pays Viganais;17470
243000296;CC du Pays de Sommières;20970
243000569;CC Rhony, Vistre, Vidourle;21870
243000585;CC Beaucaire Terre d'Argence;18320
243000593;CC de Petite Camargue;19870
243000643;CA de Nîmes Métropole;19020
243000650;CC Terre de Camargue;20470
243000684;CC du Pont du Gard;20370
243100518;Toulouse Métropole;22310
243100567;CC Lauragais Revel Sorezois;19590
243100633;CA du Sicoval;25860
243100732;CC des Coteaux du Girou;25880
243100773;CC de Val'Aïgo;21280
243100781;CC de la Save au Touch;24890
243100815;CC des Coteaux Bellevue;25930
243200391;CC de la Lomagne Gersoise;19440
243200409;CC du Bas Armagnac;19400
243200417;CC de la Tenarèze;18880
243200425;CC Cœur d'Astarac en Gascogne;18640
243200458;CC du Grand Armagnac;18700
243200508;CC Bastides et Vallons du Gers;18510
243200599;CC du Saves;21040
243200607;CC Artagnan de Fezensac;19030
243300316;Bordeaux Métropole;22060
243300563;CA Bassin d'Arcachon Sud-Pôle Atlantique (COBAS);22850
243300811;CC de l'Estuaire;18670
243301165;CC Jalle-Eau-Bourde;25860
243301181;CC Latitude Nord Gironde;19520
243301215;CC du Créonnais;22020
243301223;CC du Grand Cubzaguais;20790
243301249;CC du Secteur de Saint-Loubès;22820
243301264;CC de Montesquieu;24230
243301355;CC des Coteaux Bordelais;24780
243301371;CC du Pays Foyen;18100
243301389;CC Médullienne;22040
243301397;CC du Fronsadais;21550
243301405;CC du Val de l'Eyre;22090
243301439;CC des Portes de l'Entre-deux-Mers;24200
243301447;CC Médoc Estuaire;22960
243301454;CC Castillon/Pujols;19090
243301504;CA du Bassin d'Arcachon Nord;23110
243400017;Montpellier Méditerranée Métropole;20590
243400355;CC du Clermontais;18880
243400470;CA du Pays de l'Or;22200
243400488;CC La Domitienne;19660
243400520;CC du Pays de Lunel;19320
243400694;CC Vallée de l'Hérault;20380
243400736;CC des Cévennes Gangeoises et Suménoises;18230
243400769;CA de Béziers-Méditerranée;17450
243400819;CA Hérault-Méditerranée;18650
243500139;Rennes Métropole;22400
243500550;CC Montfort Communauté;21970
243500618;CC de Brocéliande;21420
243500634;CC Roche aux Fées Communauté;20480
243500659;CC Pays de Châteaugiron Communauté;23680
243500667;CC du Val d'Ille-Aubigné;22540
243500725;CC Côte d'Émeraude;22810
243500733;CC Bretagne Romantique;20570
243500741;CA Redon Agglomération;19580
243500774;CC Liffré-Cormier Communauté;22240
243500782;CA du Pays de Saint Malo Agglomération;21230
243600202;CC Chabris - Pays de Bazelle;19370
243600236;CC du Pays d'Issoudun;20010
243600293;CC de la Région de Levroux;19960
243600301;CC Val de l'Indre - Brenne;19770
243600319;CC Brenne - Val de Creuse;18970
243600327;CA Châteauroux Métropole;20240
243600343;CC Cœur de Brenne;18550
243600350;CC de la Châtre et Sainte-Sévère;19250
243700499;CC du Castelrenaudais;20480
243700754;Tours Métropole Val de Loire;21040
243700820;CC de Bléré Val de Cher;22020
243800604;CA Porte de l'Isère (C.A.P.I);20970
243800745;CC de l'Oisans;21550
243800935;CC Lyon Saint Exupéry en Dauphiné;21780
243800984;CA du Pays Voironnais;23150
243801024;CC du Massif du Vercors;23270
243801073;CC de Bièvre Est;22080
243801255;CC des Collines du Nord Dauphiné;24600
243900354;CC de la Station des Rousses-Haut Jura;32620
243900420;CC du Val d'Amour;20220
243900479;CC du Haut-Jura - ARCADE;23880
243900560;CC Jura Nord;21120
243900610;CC La Grandvallière;24050
243901089;CC de la Plaine Jurassienne;20100
244000543;CC de Mimizan;20410
244000659;CC du Seignanx;21860
244000675;CA du Grand Dax;20620
244000691;CC du Pays Morcenais;19750
244000766;CC du Pays Tarusate;20370
244000774;CC du Pays de Villeneuve en Armagnac Landais;19900
244000808;CA Mont-de-Marsan Agglomération;21080
244000824;CC du Pays Grenadois;20600
244000857;CC Côte Landes Nature;21140
244000865;CC Maremne Adour Côte Sud;21680
244000873;CC des Grands Lacs;21310
244000881;CC Coteaux et Vallées des Luys;20160
244100293;CC des Collines du Perche;19690
244100780;CC de la Sologne des Étangs;20220
244100798;CC du Grand Chambord;22510
244100806;CC de la Sologne des Rivières;20370
244200614;CC des Vals d'Aix et Isable;19470
244200622;CC des Monts du Pilat;21510
244200630;CC du Pays entre Loire et Rhône;20080
244200770;Saint-Etienne Métropole;19640
244200820;CC du Pays d'Urfé;18730
244200895;CC du Pilat Rhodanien;22420
244300307;CC du Pays de Montfaucon;20000
244301016;CC des Sucs;20110
244301099;CC Auzon Communauté;19630
244301107;CC du Haut-Lignon;19360
244301123;CC des Pays de Cayres et de Pradelles;18190
244301131;CC Loire et Semène;21630
244400404;Nantes Métropole;22710
244400438;CC de Grand Lieu;22080
244400453;CC de la Région de Blain;20700
244400503;CC d'Erdre et Gesvres;23230
244400537;CC de Nozay;19990
244400552;CC du Pays d'Ancenis;20690
244400586;CC du Sud-Estuaire;21500
244400610;CA de la Presqu'île de Guérande Atlantique (Cap Atlantique);22710
244400644;CA de la Région Nazairienne et de l'Estuaire (CARENE);20930
244500203;CA Montargoise et Rives du Loing (A.M.E.);19260
244500211;CC Giennoises;20120
244500419;CC des Quatre Vallées;21010
244500427;CC des Loges;22830
244500468;Orléans Métropole;21420
244500484;CC de la Forêt;23230
244500542;CC de la Plaine du Nord Loiret;21490
244600433;CC de la Vallée du Lot et du Vignoble;20000
244600482;CC Quercy - Bouriane;19570
244600532;CC du Pays de Lalbenque-Limogne;20450
244600573;CC du Causse de Labastide-Murat;19800
244700449;CC du Pays de Duras;18300
244700464;CC du Pays de Lauzun;17990
244701355;CC des Coteaux et Landes de Gascogne;19460
244701405;CC Lot et Tolzac;18990
244800405;CC Cœur de Lozère;21250
244800470;CC du Gévaudan;20340
244900015;CU Angers Loire Métropole;21220
244900809;CC Anjou Bleu Communauté;19360
244900882;CC Baugeois Vallée;19480
245100615;CC de la Grande Vallée de la Marne;24100
245100888;CC de la Brie Champenoise;20220
245100979;CC du Sud Marnais;20280
245200597;CC des Trois Forêts;19860
245300223;CC du Pays de Meslay-Grez;19780
245300355;CC de l'Ernée;19450
245300389;CC du Bocage Mayennais;18820
245300447;CC du Pays de Château-Gontier;20230
245400171;CC Moselle et Madon;22650
245400189;CC des Pays du Sel et du Vermois;21600
245400262;CA de Longwy;20860
245400510;CC du Pays de Colombey et du Sud Toulois;20570
245400601;CC du Bassin de Pompey;21710
245400676;Métropole du Grand Nancy;20920
245400759;CC du Pays du Sanon;20950
245500327;CC du Sammiellois;19460
245501176;CC du Territoire de Fresnes-en-Woëvre;20140
245501184;CC du Pays de Revigny-sur-Ornain;20120
245501242;CC du Pays d'Étain;19070
245501259;CC du Pays de Montmédy;20330
245600440;CC de Blavet Bellevue Océan;21890
245600465;CC de Belle-Île-en-Mer;21060
245614383;CC Questembert Communauté;20160
245614417;CC Roi Morvan Communauté;18650
245614433;CC Pontivy Communauté;20240
245700133;CC du District Urbain de Faulquemont (DUF);20870
245700372;CA de Forbach Porte de France;18940
245700398;CC de Freyming-Merlebach;17750
245700695;CC de Cattenom et Environs;29350
245700950;CC du Pays de Phalsbourg;21370
245701164;CC du Warndt;19310
245701206;CC du Saulnois;20130
245701222;CA du Val de Fensch;19330
245701271;CC du Pays Orne Moselle;20240
245701354;CC de l'Arc Mosellan;24170
245701362;CA Portes de France-Thionville;22790
245701404;CC du Pays Haut Val d'Alzette;22390
245801063;CC Loire et Allier;22350
245804406;CA de Nevers;20020
245804497;CC du Nivernais Bourbonnais;19190
245900410;Métropole Européenne de Lille;20140
245900428;CU de Dunkerque;18880
245900758;CC Flandre Lys;21190
245901038;CC du Pays Solesmois;19780
245901061;CC de la Haute-Deûle;21620
245901152;CC Cœur d'Ostrevent;18230
245901160;CA Valenciennes Métropole;17960
246000129;CC du Liancourtois;21650
246000376;CC du Clermontois;22170
246000566;CC du Plateau Picard;20670
246000582;CC des Sablons;21690
246000707;CC du Vexin-Thelle;23610
246000749;CC des Lisières de l'Oise;22100
246000756;CC du Pays Noyonnais;19030
246000764;CC de l'Aire Cantilienne;28530
246000772;CC des Deux Vallées;21560
246000848;CC de la Picardie Verte;19970
246000855;CC du Pays des Sources;22140
246000871;CC du Pays de Valois;23360
246000897;CC de la Plaine d'Estrées;23240
246000913;CC du Pays de Bray;21100
246000921;CC des Pays d'Oise et d'Halatte;22780
246100390;CC du Val d'Orne;19230
246100663;CU d'Alençon;20200
246200299;CA d'Hénin-Carvin;17540
246200364;CA de Lens - Liévin;17070
246200380;CC de la Terre des Deux Caps;19470
246200729;CA du Boulonnais;18100
246200844;CC de la Région d'Audruicq;20220
246201016;CC du Pays de Lumbres;19420
246300701;Clermont Auvergne Métropole;21540
246300966;CC du Massif du Sancy;19730
246301097;CC Entre Dore et Allier;21430
246400337;CC de la Vallée d'Ossau;20110
246401756;CC Pays de Nay;21670
246500482;CC de la Haute-Bigorre;20020
246500573;CC Aure-Louron;19880
246600282;CC Sud-Roussillon;20310
246600373;CC du Vallespir;19440
246600399;CC Pyrénées Cerdagne;19730
246600415;CC Roussillon-Conflent;18440
246600423;CC Agly Fenouillèdes;16410
246600449;CC des Aspres;19700
246600464;CC Pyrénées catalanes;19770
246600548;CC du Haut Vallespir;17750
246700306;CC de la Vallée de la Bruche;21080
246700488;Eurométropole de Strasbourg;20450
246700744;CC des Portes de Rosheim;25480
246700777;CC de la Vallée de Villé;22750
246700843;CC de la Basse-Zorn;24450
246700926;CC du Pays de Wissembourg;22610
246700959;CC du Pays de la Zorn;23960
246700967;CC de Sélestat;21950
246701064;CC de la Région de Molsheim-Mutzig;23640
246701080;CC du Pays de Sainte-Odile;23090
246701098;CC du Pays de Niederbronn-les-Bains;21850
246800205;CC de la Vallée de Saint-Amarin;21280
246800395;CC du Val d'Argent;19830
246800445;CC du Centre du Haut-Rhin;23400
246800494;CC du Pays de Rouffach, Vignobles et Châteaux;24850
246800551;CC de la Vallée de Kaysersberg;23160
246800569;CC de la Région de Guebwiller;22080
246800577;CC du Pays de Ribeauvillé;23440
246800585;CC de la Vallée de Munster;21520
246800676;CC de la Vallée de la Doller et du Soultzbach;23080
246800726;CA Colmar Agglomération;21550
246900575;CC de l'Est Lyonnais (CCEL);26510
246900625;CC du Pays de l'Arbresle (CCPA);24910
246900724;CC des Vallons du Lyonnais (CCVL);25610
246900740;CC du Pays Mornantais (COPAMO);25100
246900757;CC de la Vallée du Garon (CCVG);26750
246900765;CC du Pays de l'Ozon;26030
247000011;CA de Vesoul;20250
247000367;CC des Combes;20480
247000623;CC des Quatre Rivières;20020
247000664;CC du Pays de Lure;19990
247000698;CC des Monts de Gy;20140
247000706;CC du Pays Riolais;21740
247000714;CC du Pays de Villersexel;19760
247000722;CC du Pays d'Héricourt;21080
247000755;CC du Pays de Luxeuil;18740
247000821;CC Rahin et Chérimont;20510
247000854;CC des 1000 étangs;19440
247100290;CU Le Creusot Montceau-les-Mines;19590
247100589;CA Le Grand Chalon;20680
247100639;CC de Marcigny;19180
247100647;CC Bresse Nord Intercom;19260
247103765;CC Entre Saône et Grosne;21270
247103864;CC du Canton de Semur-en-Brionnais;20430
247104094;CC Sud Côte Chalonnaise;21970
247200090;CC de Sablé-sur-Sarthe;19850
247200132;CU Le Mans Métropole;20520
247200348;CC du Pays Fléchois;20040
247200421;CC du Sud Est du Pays Manceau;22490
247200447;CC Orée de Bercé - Belinois;21350
247200629;CC du Val de Sarthe;21710
247200686;CC du Pays de l'Huisne Sarthoise;20510
247300015;CC des Vallées d'Aigueblanche;22160
247300254;CC de Haute-Tarentaise;22340
247300262;CC de Yenne;22360
247300361;CC du Canton de la Chambre;22430
247300452;CC Maurienne Galibier;21960
247300528;CC Val Guiers;21420
247300668;CC du Lac d'Aiguebelette (CCLA);23970
247300676;CC Porte de Maurienne;21440
247300817;CC Les Versants d'Aime;22320
247400047;CC de la Vallée Verte;27850
247400112;CC du Pays de Cruseilles;34020
247400567;CC Fier et Usses;27000
247400583;CC Arve et Salève;32040
247400617;CC des Vallées de Thônes;23900
247400666;CC des Quatre Rivières;28830
247400682;CC du Haut-Chablais;23760
247400690;CC du Genevois;36630
247400724;CC du Pays Rochois;28340
247400740;CC Rumilly Terre de Savoie;23410
247400773;CC des Sources du Lac d'Annecy;22930
247600505;CC Campagne-de-Caux;22220
247600588;CC des Villes Sœurs;19410
247600604;CC de Londinières;18800
247600620;CC Yvetot Normandie;21220
247600646;CC Caux - Austreberthe;20640
247600729;CC Falaises du Talou;20410
247600786;CA de la Région Dieppoise;19350
247700032;CC Moret Seine et Loing;24120
247700057;CA Melun Val de Seine;20890
247700065;CC du Pays de l'Ourcq;22130
247700107;CC Pays de Montereau;18970
247700339;CA Val d'Europe Agglomération;25920
247700594;CA Marne et Gondoire;24890
247700644;CC l'Orée de la Brie;24820
247700701;CC Brie Nangissienne;21870
247800550;CC du Pays Houdanais (C.C.P.H.);26610
247800584;CA Versailles Grand Parc (C.A.V.G.P.);29780
247800618;CC Cœur d'Yvelines;29940
247900798;CC du Thouarsais;19210
248000499;CC du Val de Somme;21560
248000531;CA Amiens Métropole;19730
248000747;CC du Pays du Coquelicot;19960
248100158;CC du Sor et de l'Agout;20490
248100430;CA de Castres Mazamet;19200
248100497;CC Val 81;18650
248100737;CA de l'Albigeois (C2A);20790
248100745;CC Thoré Montagne Noire;18910
248200016;CC des Deux Rives;18950
248200057;CC du Quercy Caussadais;18930
248200065;CC de la Lomagne Tarn-et-Garonnaise;19170
248200099;CA Grand Montauban;20060
248200107;CC du Quercy Rouergue et des Gorges de l'Aveyron;17800
248300394;CA Sud Sainte-Baume;23790
248300410;CC de la Vallée du Gapeau;22420
248300493;CA Dracénie Provence Verdon Agglomération;20150
248300543;Métropole Toulon-Provence-Méditerranée;20640
248300550;CC Cœur du Var;20040
248400053;CA Ventoux-Comtat-Venaissin (COVE);19150
248400160;CC Aygues-Ouvèze en Provence (CCAOP);21410
248400236;CC du Pays Réuni d'Orange;19110
248400251;CA du Grand Avignon (COGA);19240
248400285;CC Territoriale Sud-Luberon;21910
248400293;CC des Sorgues du Comtat;19830
248400319;CC du Pays des Sorgues et des Monts de Vaucluse;21130
248400335;CC Vaison Ventoux;19920
248500191;CC de l'Île de Noirmoutier;21160
248500258;CC Océan Marais de Monts;20740
248500340;CC Pays de Chantonnay;20120
248500415;CC du Pays de la Châtaigneraie;19080
248500464;CC du Pays de Pouzauges;20000
248500530;CC du Pays des Achards;20360
248500563;CC Vendée, Sèvre, Autise;19940
248500589;CA La Roche-sur-Yon Agglomération;21140
248500621;CC du Pays des Herbiers;20720
248500662;CC du Pays de Mortagne;20950
248600413;CA Grand Châtellerault;20000
248600447;CC du Pays Loudunais;18590
248700189;CC du Pays de Saint-Yrieix;19470
248719262;CC Gartempe - Saint-Pardoux;18630
248719288;CC du Val de Vienne;21990
248719312;CU Limoges Métropole;20820
248719338;CC Briance-Combade;19050
248719353;CC des Portes de Vassivière;18500
248719361;CC de Noblat;20230
248900334;CA du Grand Sénonais;19850
248900383;CC de l'Agglomération Migennoise;18330
248900524;CC de l'Aillantais;21260
248900664;CC de la Vanne et du Pays d'Othe;20460
248900748;CC du Gâtinais en Bourgogne;21470
248900896;CC Yonne Nord;21190
248900938;CC du Jovinien;19300
249000241;CC du Sud Territoire;22410
249100074;CC du Pays de Limours (CCPL);28980
249100157;CC des Deux Vallées;25580
249100546;CC du Val d'Essonne (CCVE);25720
249100553;CC Entre Juine et Renarde (CCEJR);26610
249100595;CC Le Dourdannais en Hurepoix (CCDH);24580
249500109;CA de Cergy-Pontoise;21400
249500430;CC Sausseron Impressionnistes;27640
249500455;CC de la Vallée de l'Oise et des Trois Forêts;26240
249500489;CC du Haut Val d'Oise;21080
249500513;CC du Vexin-Val de Seine;23700
249710047;CC de Marie-Galante;N/A
249710062;CA du Nord Basse-Terre;N/A
249710070;CA Grand Sud Caraïbe;N/A
249720053;CA de l'Espace Sud de la Martinique;17820
249720061;CA du Centre de la Martinique;18620
249730037;CC de l'Ouest Guyanais;N/A
249730045;CA du Centre Littoral;N/A
249730052;CC de l'Est Guyanais;N/A
249740077;CA CIVIS (Communauté Intercommunale des VIlles Solidaires);14670
249740085;CA du Sud;14120
249740093;CA Intercommunale de la Réunion Est (CIREST);13350
249740101;CA Territoire de la Côte Ouest (TCO);15770
249740119;CA Intercommunale du Nord de la Réunion (CINOR);16530
